overallid,vaccinationratio,populationratio,ratioofratios
India,0.8900811934752577,0.9427446785050988,0.9441381253794515
